{"name":"924ee825-3220-48a2-9801-6199dfdcfab7","id":"/providers/Microsoft.Flow/flows/924ee825-3220-48a2-9801-6199dfdcfab7","type":"Microsoft.Flow/flows","properties":{"apiId":"/providers/Microsoft.PowerApps/apis/shared_logicflows","displayName":"Publicar modelos desde Revit","definition":{"metadata":{"workflowEntityId":null,"processAdvisorMetadata":null,"flowclientsuspensionreason":"None","flowclientsuspensiontime":null,"creator":{"id":"80b560df-bfae-4dbb-a51b-501c4a95ced3","type":"User","tenantId":"b853f977-4183-428f-855c-ffe7328b6f13"},"provisioningMethod":"FromDefinition","failureAlertSubscription":true,"clientLastModifiedTime":"2022-04-08T08:37:42.054718Z"},"$schema":"https://schema.management.azure.com/providers/Microsoft.Logic/schemas/2016-06-01/workflowdefinition.json#","contentVersion":"1.0.0.0","parameters":{"$connections":{"defaultValue":{},"type":"Object"},"$authentication":{"defaultValue":{},"type":"SecureObject"}},"triggers":{"manual":{"metadata":{"operationMetadataId":"9d4a21bc-bccd-4202-b28f-f047194de2a9"},"type":"Request","kind":"Button","inputs":{"schema":{"type":"object","properties":{"text":{"title":"project_id","type":"string","x-ms-dynamically-added":true,"description":"b.d6a94251-1ac8-4e08-958c-0522bccaad8b","x-ms-content-hint":"TEXT"},"text_1":{"title":"models_id","type":"string","x-ms-dynamically-added":true,"description":"urn:adsk.wipprod:dm.lineage:UQgsBQPERGm8oHYJeJVRbg","x-ms-content-hint":"TEXT"}},"required":["text","text_1"]}}}},"actions":{"Aplicar_a_cada_uno":{"foreach":"@variables('MyArray')","actions":{"BIM_360_Publish_RCW":{"runAfter":{},"metadata":{"operationMetadataId":"dc73d762-a169-4ec4-9ae5-b88cb6ffc2b6"},"type":"OpenApiConnection","inputs":{"host":{"apiId":"/providers/Microsoft.PowerApps/apis/shared_forge-5fbim360-5f5b1e1f5c91782d23-5f316c2d9949acd07e","connectionName":"shared_forge-5fbim360-5f5b1e1f5c91782d23-5f316c2d9949acd07e","operationId":"Bim360PublishRcw"},"parameters":{"project_id":"@triggerBody()['text']","Content-Type":"application/vnd.api+json","body/jsonapi/version":"1.0","body/data/type":"commands","body/data/attributes/extension/type":"commands:autodesk.bim360:C4RModelPublish","body/data/attributes/extension/version":"1.0.0","body/data/relationships/resources/data":[{"type":"items","id":"@items('Aplicar_a_cada_uno')"}]},"authentication":{"value":"@json(decodeBase64(triggerOutputs().headers['X-MS-APIM-Tokens']))['$ConnectionKey']","type":"Raw"}}}},"runAfter":{"Inicializar_variable":["Succeeded"]},"metadata":{"operationMetadataId":"9da93fbe-cb8d-4602-bc4d-f65243dfe4ba"},"type":"Foreach"},"Redactar":{"runAfter":{},"metadata":{"operationMetadataId":"d3fc1010-d5b7-4715-a78c-86a373731d28"},"type":"Compose","inputs":"@triggerBody()['text_1']"},"Inicializar_variable":{"runAfter":{"Redactar":["Succeeded"]},"metadata":{"operationMetadataId":"2e4a61a3-1f2c-4a43-814f-a49bd19f8381"},"type":"InitializeVariable","inputs":{"variables":[{"name":"MyArray","type":"array","value":"@split(outputs('Redactar'),',')"}]}}}},"connectionReferences":{"shared_forge-5fbim360-5f5b1e1f5c91782d23-5f316c2d9949acd07e":{"connectionName":"6e2d54b1-4249-4001-8b40-a3169b674c48","source":"Invoker","id":"/providers/Microsoft.PowerApps/apis/shared_forge-5fbim360-5f5b1e1f5c91782d23-5f316c2d9949acd07e","tier":"NotSpecified"}},"flowFailureAlertSubscribed":false,"isManaged":false}}